Pos,Game,Genre,Publisher,North America,Europe,Japan,Rest of World,Global
71,Mafia III,Action-Adventure,2K Games,0.54,0.48,0,0.09,1.11
170,Battleborn,Shooter,2K Games,0.2,0.05,0,0.03,0.28
135,BioShock The Collection,Shooter,2K Games,0.35,0.08,0,0.05,0.48
108,Evolve,Shooter,2K Games,0.4,0.2,0,0.06,0.67
107,Borderlands: The Handsome Collection,Shooter,2K Games,0.49,0.13,0,0.07,0.68
120,WWE 2K17,Sports,2K Games,0.26,0.26,0,0.05,0.57
212,XCOM 2,Strategy,2K Games,0.15,0.02,0,0.02,0.19
115,WWE 2K15,Sports,2K Sports,0.32,0.23,0,0.05,0.61
109,WWE 2K18,Sports,2K Sports,0.35,0.25,0,0.06,0.66
77,NBA 2K14,Sports,2K Sports,0.72,0.12,0,0.09,0.94
44,NBA 2K15,Sports,2K Sports,1.39,0.18,0,0.18,1.74
38,NBA 2K18,Sports,2K Sports,1.67,0.14,0,0.21,2.02
36,NBA 2K17,Sports,2K Sports,1.7,0.12,0,0.21,2.04
29,NBA 2K16,Sports,2K Sports,2.01,0.15,0,0.25,2.41
351,Terraria,Action,505 Games,0,0.04,0,0,0.04
246,Dead by Daylight,Action,505 Games,0.08,0.03,0,0.01,0.12
379,ABZU,Adventure,505 Games,0.02,0,0,0,0.02
354,Don't Starve,Adventure,505 Games,0.04,0,0,0,0.04
327,Brothers: A Tale of Two Sons,Adventure,505 Games,0.04,0.01,0,0.01,0.05
369,INSIDE / LIMBO Double Pack,Platform,505 Games,0.03,0,0,0,0.03
389,Redout,Racing,505 Games,0.02,0,0,0,0.02
403,Assetto Corsa,Racing,505 Games,0,0.01,0,0,0.02
250,NASCAR Heat 2,Racing,505 Games,0.11,0,0,0.01,0.12
391,Portal Knights,Role-Playing,505 Games,0.02,0,0,0,0.02
367,Raid: World War II,Shooter,505 Games,0.03,0,0,0,0.03
188,Payday 2,Shooter,505 Games,0.14,0.07,0,0.02,0.23
144,Sniper Elite 3,Shooter,505 Games,0.27,0.12,0,0.04,0.43
371,Stardew Valley,Simulation,505 Games,0.02,0,0,0,0.03
60,Rocket League,Sports,505 Games,0.52,0.75,0,0.11,1.38
381,Geometry Wars 3: Dimensions Evolved,Action,Activision,0.02,0,0,0,0.02
297,Teenage Mutant Ninja Turtles: Mutants in Manhattan,Action,Activision,0.05,0.01,0,0.01,0.07
302,Ghostbusters (2016),Action,Activision,0.06,0,0,0.01,0.07
259,Prototype: Biohazard Bundle,Action,Activision,0.1,0,0,0.01,0.11
229,Transformers: Devastation,Action,Activision,0.1,0.04,0,0.01,0.15
192,Deadpool,Action,Activision,0.17,0.03,0,0.02,0.22
193,The Amazing Spider-Man 2 (2014),Action-Adventure,Activision,0.12,0.08,0,0.02,0.22
149,Skylanders: SuperChargers,Action-Adventure,Activision,0.31,0.05,0,0.04,0.4
341,King's Quest: The Complete Collection,Adventure,Activision,0.04,0,0,0.01,0.05
155,Skylanders SWAP Force,Misc,Activision,0.25,0.07,0,0.03,0.35
86,Guitar Hero Live,Music,Activision,0.52,0.23,0,0.08,0.83
176,Skylanders Imaginators,Platform,Activision,0.19,0.05,0,0.03,0.27
140,Skylanders: Trap Team,Platform,Activision,0.34,0.07,0,0.04,0.45
222,Angry Birds: Star Wars,Puzzle,Activision,0.11,0.04,0,0.02,0.16
227,Transformer: Rise of the Dark Spark,Shooter,Activision,0.1,0.03,0,0.01,0.15
182,Call of Duty: Modern Warfare Remastered,Shooter,Activision,0.16,0.06,0,0.02,0.24
148,Destiny: The Collection,Shooter,Activision,0.25,0.12,0,0.04,0.41
65,Destiny: The Taken King,Shooter,Activision,0.91,0.23,0,0.12,1.27
31,Destiny 2,Shooter,Activision,1.66,0.47,0,0.23,2.35
22,Call of Duty: Ghosts,Shooter,Activision,1.92,0.86,0,0.28,3.07
17,Destiny,Shooter,Activision,2.17,0.92,0,0.32,3.41
10,Call of Duty: Infinite Warfare,Shooter,Activision,2.91,1.44,0,0.44,4.79
6,Call of Duty: Advanced Warfare,Shooter,Activision,3.25,1.49,0.01,0.48,5.22
3,Call of Duty: WWII,Shooter,Activision,3.75,1.91,0,0.57,6.23
2,Call of Duty: Black Ops 3,Shooter,Activision,4.63,2.04,0.02,0.68,7.37
233,Tony Hawk's Pro Skater 5,Sports,Activision,0.11,0.02,0,0.01,0.14
306,Atari Flashback Classics: Volume 1,Misc,Atari,0.06,0,0,0.01,0.06
321,Atari Flashback Classics: Volume 2,Misc,Atari,0.05,0,0,0.01,0.06
211,Naruto to Boruto: Shinobi Striker,Action,Bandai Namco Games,0.17,0,0,0.02,0.19
147,Project CARS,Racing,Bandai Namco Games,0.21,0.16,0,0.04,0.41
237,Dishonored: Death of the Outsider,Action,Bethesda Softworks,0.07,0.06,0,0.01,0.14
206,Dishonored,Action,Bethesda Softworks,0.13,0.05,0,0.02,0.19
152,The Evil Within II,Action,Bethesda Softworks,0.25,0.1,0,0.04,0.39
82,Dishonored 2,Action,Bethesda Softworks,0.47,0.31,0,0.08,0.86
105,The Evil Within,Misc,Bethesda Softworks,0.36,0.27,0,0.06,0.69
239,The Elder Scrolls Online: Morrowind,MMO,Bethesda Softworks,0.09,0.03,0,0.01,0.14
61,The Elder Scrolls Online,MMO,Bethesda Softworks,0.86,0.39,0,0.13,1.38
41,The Elder Scrolls V: Skyrim,Role-Playing,Bethesda Softworks,1.13,0.53,0,0.17,1.83
8,Fallout 4,Role-Playing,Bethesda Softworks,2.94,1.62,0.02,0.45,5.03
252,Wolfenstein The Two Pack,Shooter,Bethesda Softworks,0.11,0,0,0.01,0.12
225,Wolfenstein: The Old Blood,Shooter,Bethesda Softworks,0.07,0.07,0,0.01,0.15
139,Prey (2017),Shooter,Bethesda Softworks,0.21,0.2,0,0.04,0.45
104,Wolfenstein II: The New Colossus,Shooter,Bethesda Softworks,0.45,0.19,0,0.07,0.7
94,Wolfenstein: The New Order,Shooter,Bethesda Softworks,0.39,0.3,0,0.06,0.75
57,Doom (2016),Shooter,Bethesda Softworks,0.76,0.57,0,0.13,1.45
312,Sherlock Holmes: The Devil's Daughter,Adventure,Bigben Interactive,0.05,0,0,0.01,0.06
407,FlatOut 4: Total Insanity,Racing,Bigben Interactive,0.01,0,0,0,0.01
406,WRC 5: FIA World Rally Championship,Racing,Bigben Interactive,0,0.01,0,0,0.02
340,WRC 7,Racing,Bigben Interactive,0.04,0,0,0.01,0.05
322,Hunting Simulator,Shooter,Bigben Interactive,0.05,0,0,0.01,0.06
384,Rugby World Cup 2015,Sports,Bigben Interactive,0,0.02,0,0,0.02
278,Rugby 15,Sports,Bigben Interactive,0.03,0.05,0,0.01,0.09
72,Diablo III,Role-Playing,Blizzard Entertainment,0.62,0.32,0,0.09,1.04
23,Overwatch,Shooter,Blizzard Entertainment,1.63,0.84,0,0.25,2.72
382,Resident Evil: Revelations,Action,Capcom,0.02,0,0,0,0.02
397,Mega Man Legacy Collection 2,Action,Capcom,0.02,0,0,0,0.02
347,Resident Evil 5 HD,Action,Capcom,0.04,0,0,0,0.04
355,Dead Rising 2,Action,Capcom,0.03,0,0,0,0.04
361,Dead Rising,Action,Capcom,0.03,0,0,0,0.04
316,Okami,Action,Capcom,0.05,0,0,0.01,0.06
236,Resident Evil: Revelations 2,Action,Capcom,0.1,0.02,0,0.01,0.14
231,DmC: Devil May Cry,Action,Capcom,0.09,0.04,0,0.01,0.15
80,Resident Evil VII: Biohazard,Action,Capcom,0.51,0.3,0,0.08,0.89
78,Monster Hunter: World,Action,Capcom,0.67,0.17,0,0.09,0.93
333,Resident Evil 4 HD,Action-Adventure,Capcom,0.04,0,0,0.01,0.05
270,Resident Evil Zero,Action-Adventure,Capcom,0.07,0.02,0,0.01,0.1
238,Ultimate Marvel vs. Capcom 3,Fighting,Capcom,0.12,0,0,0.01,0.14
158,Marvel vs. Capcom: Infinite,Fighting,Capcom,0.26,0.05,0,0.03,0.34
344,Dragon's Dogma,Role-Playing,Capcom,0.04,0,0,0,0.04
301,Resident Evil 6,Shooter,Capcom,0.06,0,0,0.01,0.07
288,Micro Machines: World Series,Racing,Codemasters,0.02,0.05,0,0.01,0.08
197,DiRT Rally,Racing,Codemasters,0.12,0.08,0,0.02,0.21
191,F1 2016 (Codemasters),Racing,Codemasters,0.09,0.12,0,0.02,0.22
189,DiRT 4,Racing,Codemasters,0.11,0.1,0,0.02,0.23
179,F1 2015,Racing,Codemasters,0.09,0.15,0,0.02,0.25
396,Saints Row: Gat out of Hell,Action,Deep Silver,0,0.02,0,0,0.02
283,Dead Island Definitive Collection,Action,Deep Silver,0.05,0.03,0,0.01,0.08
261,Agents of Mayhem,Action,Deep Silver,0.07,0.03,0,0.01,0.11
184,Saints Row IV,Action,Deep Silver,0.13,0.09,0,0.02,0.24
338,Mighty No. 9,Platform,Deep Silver,0.04,0,0,0.01,0.05
349,Valkyria: Azure Revolution,Role-Playing,Deep Silver,0.04,0,0,0,0.04
308,Wasteland 2,Role-Playing,Deep Silver,0.05,0.01,0,0.01,0.06
194,Kingdom Come: Deliverance,Role-Playing,Deep Silver,0.14,0.06,0,0.02,0.22
199,Homefront: The Revolution,Shooter,Deep Silver,0.1,0.09,0,0.02,0.21
163,METRO 2033,Shooter,Deep Silver,0.15,0.14,0,0.03,0.31
215,Cities: Skylines,Simulation,Deep Silver,0.13,0.03,0,0.02,0.18
138,Disney Infinity 3.0,Action,Disney Interactive Studios,0.3,0.12,0,0.04,0.46
121,Disney Infinity 2.0: Marvel Super Heroes,Action-Adventure,Disney Interactive Studios,0.35,0.15,0,0.05,0.55
208,Fantasia: Music Evolved,Music,Disney Interactive Studios,0.14,0.03,0,0.02,0.19
243,NBA Live 16,Sports,EA Sports,0.11,0.01,0,0.01,0.13
201,NBA Live 18,Sports,EA Sports,0.18,0,0,0.02,0.21
187,NBA Live 14,Sports,EA Sports,0.19,0.02,0,0.02,0.24
151,NHL 18,Sports,EA Sports,0.32,0.03,0,0.04,0.39
146,NHL 15,Sports,EA Sports,0.32,0.06,0,0.04,0.42
142,EA Sports UFC 3,Sports,EA Sports,0.3,0.1,0,0.04,0.44
126,NHL 16,Sports,EA Sports,0.41,0.05,0,0.05,0.51
117,NHL 17,Sports,EA Sports,0.52,0.01,0,0.06,0.6
116,EA Sports UFC 2,Sports,EA Sports,0.36,0.19,0,0.06,0.61
84,Madden NFL 25,Sports,EA Sports,0.69,0.06,0,0.09,0.83
64,FIFA Soccer 14,Sports,EA Sports,0.44,0.78,0,0.1,1.31
50,Madden NFL 15,Sports,EA Sports,1.34,0.1,0,0.17,1.6
40,Madden NFL 18,Sports,EA Sports,1.63,0.07,0,0.2,1.91
33,FIFA 15,Sports,EA Sports,0.64,1.39,0,0.16,2.19
28,Madden NFL 17,Sports,EA Sports,2.14,0.04,0,0.26,2.44
27,Madden NFL 16,Sports,EA Sports,2.13,0.08,0,0.26,2.47
20,FIFA 18,Sports,EA Sports,0.98,1.92,0,0.23,3.14
19,FIFA 16,Sports,EA Sports,0.92,2.1,0,0.24,3.25
186,A Way Out,Action,Electronic Arts,0.17,0.05,0,0.02,0.24
134,EA Sports UFC,Fighting,Electronic Arts,0.3,0.13,0,0.04,0.48
209,Mirror's Edge 2,Platform,Electronic Arts,0.11,0.06,0,0.02,0.19
103,Need for Speed Rivals,Racing,Electronic Arts,0.45,0.19,0,0.07,0.7
98,Need for Speed: Payback,Racing,Electronic Arts,0.42,0.24,0,0.07,0.73
96,Need for Speed (2015),Racing,Electronic Arts,0.35,0.33,0,0.06,0.74
90,Mass Effect: Andromeda,Role-Playing,Electronic Arts,0.5,0.2,0,0.07,0.78
75,Dragon Age III: Inquisition,Role-Playing,Electronic Arts,0.63,0.27,0,0.09,0.99
102,Plants vs Zombies: Garden Warfare,Shooter,Electronic Arts,0.39,0.25,0,0.06,0.71
83,Plants vs. Zombies: Garden Warfare 2,Shooter,Electronic Arts,0.47,0.32,0,0.08,0.86
66,Battlefield: Hardline,Shooter,Electronic Arts,0.73,0.39,0.01,0.11,1.24
62,Titanfall 2,Shooter,Electronic Arts,0.88,0.37,0,0.13,1.37
39,Star Wars Battlefront II (2017),Shooter,Electronic Arts,1.15,0.59,0,0.17,1.92
35,Battlefield 4,Shooter,Electronic Arts,1.26,0.65,0,0.19,2.09
21,Titanfall,Shooter,Electronic Arts,1.88,0.91,0.04,0.28,3.11
11,Star Wars Battlefront (2015),Shooter,Electronic Arts,2.49,1.26,0.02,0.38,4.15
7,Battlefield 1,Shooter,Electronic Arts,3.37,1.26,0.02,0.48,5.13
97,The Sims 4,Simulation,Electronic Arts,0.42,0.24,0,0.07,0.73
190,NBA Live 15,Sports,Electronic Arts,0.18,0.02,0,0.02,0.22
171,Rory McIlroy PGA Tour,Sports,Electronic Arts,0.16,0.09,0,0.02,0.28
13,FIFA 17,Sports,Electronic Arts,1.04,2.4,0,0.27,3.71
323,Styx: Shards of Darknes,Action,Focus Home Interactive,0.05,0,0,0.01,0.06
290,Sherlock Holmes: Crimes & Punishments,Adventure,Focus Home Interactive,0.03,0.04,0,0.01,0.08
334,The Technomancer,Role-Playing,Focus Home Interactive,0.03,0.02,0,0,0.05
267,Divinity: Original Sin,Role-Playing,Focus Home Interactive,0.06,0.03,0,0.01,0.1
248,Vampyr,Role-Playing,Focus Home Interactive,0.07,0.04,0,0.01,0.12
404,Le Tour de France 2017,Simulation,Focus Home Interactive,0,0.01,0,0,0.02
230,Spintires: MudRunner,Simulation,Focus Home Interactive,0.11,0.02,0,0.01,0.15
162,Farming Simulator 17,Simulation,Focus Home Interactive,0.19,0.11,0,0.03,0.33
357,Monster Jam: Crush It,Racing,GameMill,0.03,0,0,0,0.04
388,Big Buck Hunter Arcade,Shooter,GameMill,0.02,0,0,0,0.02
317,Rapala Fishing Pro Series,Simulation,GameMill,0.05,0,0,0.01,0.06
145,Hello Neighbor,Action,Gearbox Software,0.27,0.11,0,0.04,0.42
92,Fortnite,Action,Gearbox Software,0.6,0.09,0,0.08,0.77
274,We Happy Few,Action-Adventure,Gearbox Software,0.07,0.01,0,0.01,0.09
287,Bulletstorm: Full Clip Edition,Shooter,Gearbox Software,0.06,0.01,0,0.01,0.08
275,Duke Nukem 3D: 20th Anniversary World Tour,Shooter,Gearbox Software,0.08,0,0,0.01,0.09
401,Vikings: Wolves of Midgard,Action,Kalypso Media,0.01,0,0,0,0.02
373,The Pillars of the Earth,Adventure,Kalypso Media,0.02,0,0,0,0.03
402,The Inner World: The Last Wind Monk,Puzzle,Kalypso Media,0.01,0,0,0,0.02
394,Tropico 5,Simulation,Kalypso Media,0.02,0,0,0,0.02
408,Shadow Tactics: Blades of the Shogun,Strategy,Kalypso Media,0.01,0,0,0,0.01
398,Dungeons 3,Strategy,Kalypso Media,0.02,0,0,0,0.02
399,Blackguards 2,Strategy,Kalypso Media,0.02,0,0,0,0.02
253,The Surge,Action,Koch Media,0.07,0.04,0,0.01,0.12
307,MotoGP 17,Racing,Koch Media,0.04,0.02,0,0.01,0.06
213,F1 2017,Racing,Koch Media,0.04,0.13,0,0.01,0.19
410,Goat Simulator,Simulation,Koch Media,0,0.01,0,0,0.01
185,Farming Simulator 2015,Simulation,Koch Media,0.13,0.09,0,0.02,0.24
329,Rugby 18,Sports,Koch Media,0.04,0,0,0.01,0.05
293,Metal Gear Survive,Action,Konami Digital Entertainment,0.05,0.01,0,0.01,0.08
262,Metal Gear Solid V: The Definitive Experience,Action,Konami Digital Entertainment,0.1,0,0,0.01,0.11
85,Metal Gear Solid V: The Phantom Pain,Action,Konami Digital Entertainment,0.49,0.25,0.02,0.07,0.83
174,Metal Gear Solid: Ground Zeroes,Action-Adventure,Konami Digital Entertainment,0.13,0.13,0,0.02,0.27
269,Pro Evolution Soccer 2017,Sports,Konami Digital Entertainment,0.05,0.03,0,0.01,0.1
255,Pro Evolution Soccer 2016,Sports,Konami Digital Entertainment,0.05,0.06,0,0.01,0.12
256,Pro Evolution Soccer 2018,Sports,Konami Digital Entertainment,0.06,0.05,0,0.01,0.12
226,Pro Evolution Soccer 2015,Sports,Konami Digital Entertainment,0.04,0.1,0,0.01,0.15
390,Troll and I,Action,Maximum Games,0.02,0,0,0,0.02
332,Extinction,Action,Maximum Games,0.04,0,0,0.01,0.05
310,Cartoon Network Battle Crashers,Action,Maximum Games,0.05,0.01,0,0.01,0.06
343,Road Rage,Racing,Maximum Games,0.04,0,0,0,0.04
359,Dead Alliance,Shooter,Maximum Games,0.03,0,0,0,0.04
319,Golf Club 2,Sports,Maximum Games,0.05,0,0,0.01,0.06
320,Mark McMorris Infinite Air,Sports,Maximum Games,0.05,0,0,0.01,0.06
376,Syberia III,Adventure,Microids,0.02,0,0,0,0.02
326,Agatha Christie's The ABC Murders,Adventure,Microids,0.04,0,0,0.01,0.05
93,Quantum Break,Action,Microsoft Studios,0.42,0.25,0.02,0.07,0.76
67,Sunset Overdrive,Action,Microsoft Studios,0.64,0.42,0,0.1,1.16
55,Ryse,Action,Microsoft Studios,0.84,0.49,0,0.13,1.47
48,Dead Rising 3,Action,Microsoft Studios,1.06,0.4,0.01,0.15,1.63
299,Disneyland Adventures,Action-Adventure,Microsoft Studios,0.05,0.01,0,0.01,0.07
200,State of Decay,Action-Adventure,Microsoft Studios,0.14,0.05,0,0.02,0.21
178,ReCore,Action-Adventure,Microsoft Studios,0.16,0.06,0.01,0.02,0.26
99,Dead Rising 4,Action-Adventure,Microsoft Studios,0.41,0.25,0,0.06,0.73
76,Sea of Thieves,Action-Adventure,Microsoft Studios,0.6,0.27,0,0.09,0.96
218,Rush: A Disney Pixar Adventure,Adventure,Microsoft Studios,0.15,0,0,0.02,0.17
263,Killer Instinct (2013),Fighting,Microsoft Studios,0.07,0.03,0,0.01,0.11
217,Project Spark (Working Title),Misc,Microsoft Studios,0.11,0.05,0,0.02,0.17
89,Rare Replay,Misc,Microsoft Studios,0.42,0.27,0.01,0.07,0.78
5,MineCraft,Misc,Microsoft Studios,3.23,1.71,0,0.49,5.43
196,Super Lucky's Tale,Platform,Microsoft Studios,0.13,0.07,0,0.02,0.22
56,Forza Horizon 2,Racing,Microsoft Studios,0.56,0.79,0.01,0.11,1.46
53,Forza Motorsport 7,Racing,Microsoft Studios,0.58,0.81,0.01,0.12,1.52
37,Forza Motorsport 6,Racing,Microsoft Studios,0.9,0.92,0.04,0.16,2.02
30,Forza Motorsport 5,Racing,Microsoft Studios,1.28,0.9,0.01,0.21,2.4
12,Forza Horizon 3,Racing,Microsoft Studios,1.64,1.96,0.02,0.32,3.93
34,PlayerUnknown's Battlegrounds,Shooter,Microsoft Studios,1.29,0.69,0,0.2,2.17
18,Gears of War 4,Shooter,Microsoft Studios,2.17,0.9,0,0.32,3.38
16,Halo: The Master Chief Collection,Shooter,Microsoft Studios,2.06,1.04,0.03,0.31,3.44
14,Gears of War: Ultimate Edition,Shooter,Microsoft Studios,2.88,0.37,0,0.37,3.62
9,Halo 5: Guardians,Shooter,Microsoft Studios,2.94,1.49,0.03,0.45,4.92
419,ScreamRide,Simulation,Microsoft Studios,0,0.01,0,0,0.01
130,Zoo Tycoon (2013),Simulation,Microsoft Studios,0.25,0.18,0,0.04,0.48
113,Kinect Sports Rivals,Sports,Microsoft Studios,0.3,0.25,0.02,0.05,0.62
125,Halo Wars 2,Strategy,Microsoft Studios,0.31,0.15,0,0.05,0.51
413,S?bastien Loeb Rally Evo,Racing,Milestone S.r.l,0,0.01,0,0,0.01
284,Ride 2,Racing,Milestone S.r.l,0.06,0.01,0,0.01,0.08
366,MotoGP 15,Racing,Milestone S.r.l.,0,0.03,0,0,0.03
281,Monster Energy Supercross - The Official Videogame,Racing,Milestone S.r.l.,0.08,0,0,0.01,0.08
264,MXGP 2,Racing,Milestone S.r.l.,0.07,0.02,0,0.01,0.1
260,Ride,Racing,Milestone S.r.l.,0.05,0.05,0,0.01,0.11
315,R.B.I. Baseball 2016,Sports,MLB.com,0.05,0,0,0.01,0.06
303,R.B.I. Baseball 2017,Sports,MLB.com,0.06,0,0,0.01,0.07
221,Pac-Man Championship Edition 2 + Arcade Game Series,Action,Bandai Namco Games,0.15,0,0,0.02,0.16
136,Dragon Ball: Xenoverse 2,Action,Bandai Namco Games,0.33,0.09,0,0.05,0.47
254,Naruto Shippuden Ultimate Ninja Storm 4: Road to Boruto,Fighting,Bandai Namco Games,0.11,0,0,0.01,0.12
234,Naruto Shippuden: Ultimate Ninja Storm Legacy,Fighting,Bandai Namco Games,0.11,0.02,0,0.01,0.14
207,One Piece: Burning Blood,Fighting,Bandai Namco Games,0.11,0.07,0,0.02,0.19
156,Naruto Shippuden: Ultimate Ninja Storm 4,Fighting,Bandai Namco Games,0.25,0.07,0,0.03,0.35
157,Dragon Ball: XenoVerse,Fighting,Bandai Namco Games,0.21,0.11,0,0.03,0.35
123,Dragon Ball Fighter Z,Fighting,Bandai Namco Games,0.38,0.09,0,0.05,0.52
118,Tekken 7,Fighting,Bandai Namco Games,0.3,0.23,0,0.05,0.58
223,Little Nightmares,Platform,Bandai Namco Games,0.12,0.03,0,0.02,0.16
298,Valentino Rossi: The Game,Racing,Bandai Namco Games,0.05,0.02,0,0.01,0.07
204,Project CARS 2,Racing,Bandai Namco Games,0.01,0.18,0,0.01,0.2
271,Sword Art Online: Fatal Bullet,Role-Playing,Bandai Namco Games,0.09,0,0,0.01,0.1
169,Dark Souls II,Role-Playing,Bandai Namco Games,0.19,0.07,0,0.03,0.28
87,Dark Souls III,Role-Playing,Bandai Namco Games,0.56,0.15,0,0.08,0.79
45,The Witcher 3: Wild Hunt,Role-Playing,Bandai Namco Games,0.97,0.61,0.01,0.15,1.74
342,Marvel Pinball: Epic Collection Volume 1,Puzzle,Nighthawk Interactive,0.04,0,0,0.01,0.05
422,ATV Renegades,Racing,Nighthawk Interactive,0,0,0,0,0.01
289,Darksiders II,Action-Adventure,Nordic Games,0.05,0.03,0,0.01,0.08
313,MX vs. ATV Supercross Encore,Sports,Nordic Games,0.05,0,0,0.01,0.06
418,Battle Worlds: Kronos,Strategy,Nordic Games,0.01,0,0,0,0.01
292,BlazBlue: Chrono Phantasma Extend,Fighting,PQube,0.06,0.01,0,0.01,0.08
377,Moto Racer 4,Racing,PQube,0.02,0,0,0,0.02
363,WRC 6,Racing,PQube,0.03,0,0,0,0.03
258,Zombie Army Trilogy,Shooter,Rebellion Developments,0.05,0.05,0,0.01,0.12
167,Sniper Elite 4,Shooter,Rebellion Developments,0.18,0.09,0,0.03,0.3
1,Grand Theft Auto V,Action,Rockstar Games,4.7,3.25,0.01,0.76,8.72
4,Red Dead Redemption 2,Action-Adventure,Rockstar Games,3.76,1.47,0,0.54,5.77
180,L.A. Noire,Adventure,Rockstar Games,0.14,0.09,0,0.02,0.25
124,Alien: Isolation,Adventure,Sega,0.23,0.25,0,0.04,0.52
245,Sonic Mania,Platform,Sega,0.09,0.03,0,0.01,0.13
168,Sonic Forces,Platform,Sega,0.15,0.11,0,0.03,0.29
380,Pharaonic,Action,Soedesco,0.02,0,0,0,0.02
421,Ziggurat,Shooter,Soedesco,0,0.01,0,0,0.01
273,Real Farm,Simulation,Soedesco,0.08,0,0,0.01,0.1
346,Overcooked,Action,Sold Out,0.04,0,0,0,0.04
228,The Escapists 2,Action,Sold Out,0.05,0.08,0,0.01,0.15
272,Yooka-Laylee,Platform,Sold Out,0.05,0.04,0,0.01,0.1
304,Aven Colony,Strategy,Sold Out,0.06,0,0,0.01,0.06
164,Hitman (2016),Action,Square Enix,0.2,0.08,0,0.03,0.31
132,Thief 4,Action,Square Enix,0.26,0.17,0,0.04,0.48
220,Murdered: Soul Suspect,Action-Adventure,Square Enix,0.08,0.07,0,0.01,0.17
203,Sleeping Dogs,Action-Adventure,Square Enix,0.1,0.09,0,0.02,0.2
110,Tomb Raider (2013),Action-Adventure,Square Enix,0.38,0.22,0,0.06,0.66
73,Just Cause 3,Action-Adventure,Square Enix,0.52,0.41,0,0.09,1.01
251,Life is Strange,Adventure,Square Enix,0.08,0.03,0,0.01,0.12
51,Rise of the Tomb Raider,Adventure,Square Enix,0.61,0.82,0.03,0.12,1.58
195,Lords of the Fallen,Role-Playing,Square Enix,0.1,0.1,0,0.02,0.22
166,Final Fantasy Type-0,Role-Playing,Square Enix,0.2,0.07,0,0.03,0.3
150,Deus Ex: Mankind Divided,Role-Playing,Square Enix,0.25,0.11,0,0.04,0.39
70,Final Fantasy XV,Role-Playing,Square Enix,0.72,0.3,0.01,0.11,1.14
420,Torment: Tides of Numenera,Role-Playing,Techland,0.01,0,0,0,0.01
365,Pure Farming 2018,Simulation,Techland,0.03,0,0,0,0.03
360,Warriors Orochi 3,Action,Tecmo Koei,0.01,0.03,0,0,0.04
318,Arslan: The Warriors of Legend,Action,Tecmo Koei,0.05,0,0,0.01,0.06
300,Dynasty Warriors 8: Empires,Action,Tecmo Koei,0.04,0.02,0,0.01,0.07
280,Bladestorm: Nightmare,Action,Tecmo Koei,0.06,0.02,0,0.01,0.08
232,Attack on Titan (KOEI),Action,Tecmo Koei,0.06,0.07,0,0.01,0.15
268,Dead or Alive 5,Fighting,Tecmo Koei,0.05,0.03,0.01,0.01,0.1
257,7 Days to Die,Action,Telltale Games,0.09,0.02,0,0.01,0.12
395,Back to the Future: The Game,Adventure,Telltale Games,0,0.02,0,0,0.02
350,Game of Thrones (Telltale),Adventure,Telltale Games,0.04,0,0,0,0.04
339,Batman: The Enemy Within,Adventure,Telltale Games,0.04,0,0,0.01,0.05
295,Batman: A Telltale Game Series,Adventure,Telltale Games,0.06,0.01,0,0.01,0.07
276,The Wolf Among Us,Adventure,Telltale Games,0.06,0.02,0,0.01,0.09
224,The Walking Dead: Season One,Adventure,Telltale Games,0.08,0.06,0,0.01,0.16
175,Minecraft: Story Mode - Season Two,Adventure,Telltale Games,0.17,0.08,0,0.02,0.27
235,The Walking Dead: Season Two,Misc,Telltale Games,0.08,0.05,0,0.01,0.14
362,Sine Mora,Action,THQ Nordic,0.03,0,0,0,0.04
247,Darksiders III,Action,THQ Nordic,0.11,0,0,0.01,0.12
348,Darksiders: Warmastered Edition,Action-Adventure,THQ Nordic,0.04,0,0,0,0.04
409,The Town of Light,Adventure,THQ Nordic,0.01,0,0,0,0.01
364,Black Mirror,Adventure,THQ Nordic,0.03,0,0,0,0.03
325,Baja: Edge of Control HD,Racing,THQ Nordic,0.05,0,0,0.01,0.05
309,MX vs ATV Supercross Encore 2017 Track Edition,Racing,THQ Nordic,0.05,0,0,0.01,0.06
387,The Dwarves,Role-Playing,THQ Nordic,0.02,0,0,0,0.02
352,Elex,Role-Playing,THQ Nordic,0.04,0,0,0,0.04
353,Battle Chasers: Nightwar,Role-Playing,THQ Nordic,0.04,0,0,0,0.04
423,This Is The Police,Simulation,THQ Nordic,0,0,0,0,0.01
405,Lock's Quest,Strategy,THQ Nordic,0.01,0,0,0,0.02
411,Rugby League Live 3,Sports,Tru Blu Entertainment,0,0.01,0,0,0.01
378,Rugby League Live 4,Sports,Tru Blu Entertainment,0,0.02,0,0,0.02
356,Don Bradman Cricket 14,Sports,Tru Blu Entertainment,0,0.04,0,0,0.04
412,Assassin's Creed Chronicles,Action,Ubisoft,0,0.01,0,0,0.01
416,ZombiU,Action,Ubisoft,0,0.01,0,0,0.01
291,Toy Soldiers: War Chest,Action,Ubisoft,0.07,0,0,0.01,0.08
172,Assassin's Creed The Ezio Collection,Action,Ubisoft,0.13,0.12,0,0.02,0.27
81,For Honor,Action,Ubisoft,0.57,0.21,0,0.08,0.87
63,Watch Dogs 2,Action,Ubisoft,0.71,0.53,0,0.12,1.35
58,Assassin's Creed Syndicate,Action,Ubisoft,0.71,0.61,0,0.12,1.44
42,Far Cry 5,Action,Ubisoft,1.14,0.47,0,0.17,1.78
32,Assassin's Creed IV: Black Flag,Action,Ubisoft,1.51,0.59,0,0.22,2.32
26,Assassin's Creed Origins,Action,Ubisoft,1.34,0.92,0,0.22,2.47
15,Assassin's Creed: Unity,Action,Ubisoft,2.34,0.9,0,0.34,3.58
74,Far Cry: Primal,Action-Adventure,Ubisoft,0.51,0.41,0,0.09,1
47,Watch Dogs,Action-Adventure,Ubisoft,0.91,0.59,0,0.15,1.64
219,Fighter Within,Fighting,Ubisoft,0.08,0.07,0,0.01,0.17
415,Rabbids Invasion: The Interactive TV Show,Misc,Ubisoft,0,0.01,0,0,0.01
311,Hasbro Family Fun Pack Conquest Edition,Misc,Ubisoft,0.05,0,0,0.01,0.06
282,America's Greatest Game Shows: Wheel of Fortune & Jeopardy!,Misc,Ubisoft,0.08,0,0,0.01,0.08
240,Hasbro Family Fun Pack,Misc,Ubisoft,0.1,0.02,0,0.01,0.13
337,Just Sing,Music,Ubisoft,0.04,0,0,0.01,0.05
286,Just Dance: Disney Party 2,Music,Ubisoft,0.06,0.01,0,0.01,0.08
241,Rocksmith 2014 Edition Remastered,Music,Ubisoft,0.12,0,0,0.01,0.13
198,Just Dance 2018,Music,Ubisoft,0.15,0.04,0,0.02,0.21
159,Just Dance 2017,Music,Ubisoft,0.25,0.05,0,0.03,0.34
154,Just Dance 2016,Music,Ubisoft,0.3,0.04,0,0.04,0.38
143,Rocksmith 2014,Music,Ubisoft,0.31,0.08,0,0.04,0.43
133,Just Dance 2014,Music,Ubisoft,0.31,0.12,0,0.04,0.48
122,Just Dance 2015,Music,Ubisoft,0.36,0.13,0,0.05,0.54
153,Rayman Legends,Platform,Ubisoft,0.13,0.22,0,0.03,0.38
385,The Crew: Wild Run,Racing,Ubisoft,0,0.02,0,0,0.02
266,TrackMania Turbo,Racing,Ubisoft,0.05,0.04,0,0.01,0.1
181,Trials Fusion,Racing,Ubisoft,0.12,0.1,0,0.02,0.25
161,The Crew 2,Racing,Ubisoft,0.2,0.1,0,0.03,0.33
101,The Crew,Racing,Ubisoft,0.32,0.34,0,0.06,0.71
114,South Park: The Fractured But Whole,Role-Playing,Ubisoft,0.4,0.17,0,0.06,0.62
49,Tom Clancy's Ghost Recon Wildlands,Shooter,Ubisoft,0.98,0.48,0,0.15,1.61
46,Far Cry 4,Shooter,Ubisoft,0.85,0.68,0.02,0.14,1.68
25,Tom Clancy's The Division,Shooter,Ubisoft,1.54,0.82,0,0.24,2.59
24,Tom Clancy's Rainbow Six: Siege,Shooter,Ubisoft,1.62,0.84,0,0.25,2.71
214,Shape Up,Sports,Ubisoft,0.08,0.09,0,0.01,0.18
131,Steep,Sports,Ubisoft,0.24,0.2,0,0.04,0.48
244,Outlast Trinity,Action,Warner Bros. Interactive Entertainment,0.1,0.02,0,0.01,0.13
205,Batman: Return to Arkham,Action,Warner Bros. Interactive Entertainment,0.12,0.06,0,0.02,0.2
160,The Lego Ninjago Movie Videogame,Action,Warner Bros. Interactive Entertainment,0.21,0.09,0,0.03,0.33
141,Lego Batman 3: Beyond Gotham,Action,Warner Bros. Interactive Entertainment,0.24,0.17,0,0.04,0.44
129,LEGO Marvel's Avengers,Action,Warner Bros. Interactive Entertainment,0.26,0.18,0,0.04,0.48
128,Mad Max (2013),Action,Warner Bros. Interactive Entertainment,0.29,0.16,0,0.05,0.5
119,LEGO Marvel Super Heroes 2,Action,Warner Bros. Interactive Entertainment,0.32,0.2,0,0.05,0.57
100,LEGO Dimensions,Action,Warner Bros. Interactive Entertainment,0.47,0.18,0,0.07,0.72
88,LEGO Jurassic World,Action,Warner Bros. Interactive Entertainment,0.44,0.27,0,0.07,0.78
68,Middle-Earth: Shadow of War,Action,Warner Bros. Interactive Entertainment,0.75,0.29,0,0.11,1.15
69,Lego Marvel Super Heroes,Action,Warner Bros. Interactive Entertainment,0.61,0.44,0,0.1,1.15
59,Middle-Earth: Shadow of Mordor,Action,Warner Bros. Interactive Entertainment,0.77,0.52,0.01,0.12,1.42
54,Dying Light,Action,Warner Bros. Interactive Entertainment,1.01,0.31,0.01,0.14,1.47
52,Batman: Arkham Knight,Action,Warner Bros. Interactive Entertainment,0.97,0.46,0,0.14,1.58
173,LEGO The Hobbit,Action-Adventure,Warner Bros. Interactive Entertainment,0.13,0.13,0,0.02,0.27
127,Lego Star Wars: The Force Awakens,Action-Adventure,Warner Bros. Interactive Entertainment,0.24,0.22,0,0.04,0.5
111,The LEGO Movie Videogame,Action-Adventure,Warner Bros. Interactive Entertainment,0.42,0.17,0,0.06,0.65
324,Marvel's Guardians of the Galaxy: The Telltale Series,Adventure,Warner Bros. Interactive Entertainment,0.05,0,0,0.01,0.05
328,The Walking Dead: A Telltale Series Collection,Adventure,Warner Bros. Interactive Entertainment,0.05,0,0,0.01,0.05
249,The Walking Dead - The Telltale Series: A New Frontier,Adventure,Warner Bros. Interactive Entertainment,0.1,0.01,0,0.01,0.12
79,Injustice 2,Fighting,Warner Bros. Interactive Entertainment,0.65,0.16,0,0.09,0.89
43,Mortal Kombat X,Fighting,Warner Bros. Interactive Entertainment,1.34,0.23,0,0.18,1.74
106,LEGO Worlds,Misc,Warner Bros. Interactive Entertainment,0.28,0.35,0,0.05,0.69
165,LEGO City Undercover,Platform,Warner Bros. Interactive Entertainment,0.15,0.12,0,0.03,0.3
335,Cars 3: Driven to Win,Racing,Warner Bros. Interactive Entertainment,0.04,0,0,0.01,0.05
